BehaviorSpace results (NetLogo 6.0.3),,,,,,,,,,,,,,,,,,,
Evacuation.nlogo,,,,,,,,,,,,,,,,,,,
number-of-rooms,,,,,,,,,,,,,,,,,,,
06/10/2018 00:02:27:518 -0500,,,,,,,,,,,,,,,,,,,
min-pxcor,max-pxcor,min-pycor,max-pycor,,,,,,,,,,,,,,,,
-20,20,-20,20,,,,,,,,,,,,,,,,
[run number],building-type,number-of-doors,door-proximity,show-checkpoints,number-of-people,hallway-size,number-of-rooms,[step],ticks,average-time-to-evacuate,,Average of ticks,Column Labels,,,,,,
2,build my own!,1,19,FALSE,25,7,2,93,93,68.36,,Row Labels,25,50,100,150,200,250,Grand Total
3,build my own!,1,19,FALSE,25,7,2,93,93,66.72,,2,95.68,128.92,204.28,284.64,361.5833333,455.24,254.3422819
4,build my own!,1,19,FALSE,25,7,2,96,96,72.8,,4,97.12,112.6,191.44,273.08,354.24,440.04,244.7533333
5,build my own!,1,19,FALSE,25,7,2,95,95,72.72,,6,95.16,108.32,185.44,270.28,355.72,443.56,243.08
6,build my own!,1,19,FALSE,25,7,2,97,97,72.52,,8,98.96,106.6,183.72,267.88,354.2,436.16,241.2533333
7,build my own!,1,19,FALSE,25,7,2,99,99,75.12,,10,98.04,106.32,182.96,266.28,355.32,437.52,241.0733333
9,build my own!,1,19,FALSE,25,7,2,90,90,62.28,,Grand Total,96.992,112.552,189.568,272.432,356.1693548,442.504,244.8878505
8,build my own!,1,19,FALSE,25,7,2,99,99,69.96,,,,,,,,,
10,build my own!,1,19,FALSE,25,7,2,97,97,73.84,,,,,,,,,
1,build my own!,1,19,FALSE,25,7,2,92,92,70.04,,,,,,,,,
12,build my own!,1,19,FALSE,25,7,2,93,93,68.24,,,,,,,,,
11,build my own!,1,19,FALSE,25,7,2,101,101,76.32,,,,,,,,,
13,build my own!,1,19,FALSE,25,7,2,93,93,67.72,,,,,,,,,
14,build my own!,1,19,FALSE,25,7,2,98,98,72.12,,,,,,,,,
15,build my own!,1,19,FALSE,25,7,2,98,98,73.16,,,,,,,,,
16,build my own!,1,19,FALSE,25,7,2,96,96,61.36,,,,,,,,,
17,build my own!,1,19,FALSE,25,7,2,94,94,64,,,,,,,,,
19,build my own!,1,19,FALSE,25,7,2,90,90,65.12,,,,,,,,,
18,build my own!,1,19,FALSE,25,7,2,93,93,70.4,,,,,,,,,
20,build my own!,1,19,FALSE,25,7,2,100,100,70.76,,,,,,,,,
21,build my own!,1,19,FALSE,25,7,2,97,97,75.04,,,,,,,,,
22,build my own!,1,19,FALSE,25,7,2,97,97,71.2,,,,,,,,,
25,build my own!,1,19,FALSE,25,7,2,93,93,69.36,,,,,,,,,
23,build my own!,1,19,FALSE,25,7,2,99,99,72.2,,,,,,,,,
24,build my own!,1,19,FALSE,25,7,2,99,99,73.36,,,,,,,,,
26,build my own!,1,19,FALSE,25,7,4,95,95,56.92,,,,,,,,,
27,build my own!,1,19,FALSE,25,7,4,99,99,51.68,,,,,,,,,
29,build my own!,1,19,FALSE,25,7,4,98,98,61.48,,,,,,,,,
28,build my own!,1,19,FALSE,25,7,4,99,99,64,,,,,,,,,
31,build my own!,1,19,FALSE,25,7,4,92,92,53.44,,,,,,,,,
30,build my own!,1,19,FALSE,25,7,4,97,97,65.84,,,,,,,,,
32,build my own!,1,19,FALSE,25,7,4,97,97,61.2,,,,,,,,,
35,build my own!,1,19,FALSE,25,7,4,98,98,55.64,,,,,,,,,
34,build my own!,1,19,FALSE,25,7,4,98,98,55.4,,,,,,,,,
33,build my own!,1,19,FALSE,25,7,4,92,92,57.76,,,,,,,,,
36,build my own!,1,19,FALSE,25,7,4,103,103,69.6,,,,,,,,,
38,build my own!,1,19,FALSE,25,7,4,98,98,61.8,,,,,,,,,
37,build my own!,1,19,FALSE,25,7,4,101,101,68.92,,,,,,,,,
39,build my own!,1,19,FALSE,25,7,4,101,101,64.04,,,,,,,,,
40,build my own!,1,19,FALSE,25,7,4,107,107,64.2,,,,,,,,,
42,build my own!,1,19,FALSE,25,7,4,89,89,56.4,,,,,,,,,
41,build my own!,1,19,FALSE,25,7,4,97,97,58.32,,,,,,,,,
43,build my own!,1,19,FALSE,25,7,4,95,95,54.56,,,,,,,,,
44,build my own!,1,19,FALSE,25,7,4,98,98,67.08,,,,,,,,,
46,build my own!,1,19,FALSE,25,7,4,92,92,57.92,,,,,,,,,
45,build my own!,1,19,FALSE,25,7,4,94,94,61.12,,,,,,,,,
48,build my own!,1,19,FALSE,25,7,4,96,96,53.76,,,,,,,,,
47,build my own!,1,19,FALSE,25,7,4,99,99,57.2,,,,,,,,,
49,build my own!,1,19,FALSE,25,7,4,95,95,59.44,,,,,,,,,
50,build my own!,1,19,FALSE,25,7,4,98,98,62.64,,,,,,,,,
51,build my own!,1,19,FALSE,25,7,6,85,85,48.6,,,,,,,,,
52,build my own!,1,19,FALSE,25,7,6,96,96,54.44,,,,,,,,,
53,build my own!,1,19,FALSE,25,7,6,100,100,55.8,,,,,,,,,
54,build my own!,1,19,FALSE,25,7,6,97,97,59.08,,,,,,,,,
55,build my own!,1,19,FALSE,25,7,6,88,88,51.12,,,,,,,,,
56,build my own!,1,19,FALSE,25,7,6,78,78,44.96,,,,,,,,,
57,build my own!,1,19,FALSE,25,7,6,100,100,63.64,,,,,,,,,
58,build my own!,1,19,FALSE,25,7,6,91,91,54.28,,,,,,,,,
59,build my own!,1,19,FALSE,25,7,6,97,97,55.88,,,,,,,,,
60,build my own!,1,19,FALSE,25,7,6,90,90,55.6,,,,,,,,,
61,build my own!,1,19,FALSE,25,7,6,97,97,58.88,,,,,,,,,
62,build my own!,1,19,FALSE,25,7,6,95,95,55.52,,,,,,,,,
63,build my own!,1,19,FALSE,25,7,6,98,98,54.48,,,,,,,,,
65,build my own!,1,19,FALSE,25,7,6,91,91,50.8,,,,,,,,,
64,build my own!,1,19,FALSE,25,7,6,94,94,50.52,,,,,,,,,
66,build my own!,1,19,FALSE,25,7,6,97,97,50,,,,,,,,,
67,build my own!,1,19,FALSE,25,7,6,99,99,57.24,,,,,,,,,
68,build my own!,1,19,FALSE,25,7,6,98,98,55.88,,,,,,,,,
70,build my own!,1,19,FALSE,25,7,6,99,99,59.08,,,,,,,,,
69,build my own!,1,19,FALSE,25,7,6,101,101,55.08,,,,,,,,,
71,build my own!,1,19,FALSE,25,7,6,102,102,52.4,,,,,,,,,
72,build my own!,1,19,FALSE,25,7,6,99,99,51.76,,,,,,,,,
73,build my own!,1,19,FALSE,25,7,6,92,92,48.24,,,,,,,,,
74,build my own!,1,19,FALSE,25,7,6,95,95,48.32,,,,,,,,,
75,build my own!,1,19,FALSE,25,7,6,100,100,58.28,,,,,,,,,
77,build my own!,1,19,FALSE,25,7,8,97,97,42.92,,,,,,,,,
76,build my own!,1,19,FALSE,25,7,8,97,97,58.6,,,,,,,,,
79,build my own!,1,19,FALSE,25,7,8,97,97,56.16,,,,,,,,,
78,build my own!,1,19,FALSE,25,7,8,101,101,52.96,,,,,,,,,
80,build my own!,1,19,FALSE,25,7,8,99,99,46.96,,,,,,,,,
81,build my own!,1,19,FALSE,25,7,8,99,99,53.76,,,,,,,,,
82,build my own!,1,19,FALSE,25,7,8,99,99,52.56,,,,,,,,,
83,build my own!,1,19,FALSE,25,7,8,99,99,45.96,,,,,,,,,
84,build my own!,1,19,FALSE,25,7,8,85,85,55.16,,,,,,,,,
85,build my own!,1,19,FALSE,25,7,8,101,101,54.32,,,,,,,,,
86,build my own!,1,19,FALSE,25,7,8,102,102,61.28,,,,,,,,,
88,build my own!,1,19,FALSE,25,7,8,102,102,58.72,,,,,,,,,
87,build my own!,1,19,FALSE,25,7,8,95,95,55.76,,,,,,,,,
89,build my own!,1,19,FALSE,25,7,8,102,102,57.52,,,,,,,,,
90,build my own!,1,19,FALSE,25,7,8,101,101,54.48,,,,,,,,,
91,build my own!,1,19,FALSE,25,7,8,103,103,56.8,,,,,,,,,
93,build my own!,1,19,FALSE,25,7,8,100,100,60.76,,,,,,,,,
92,build my own!,1,19,FALSE,25,7,8,103,103,47.48,,,,,,,,,
94,build my own!,1,19,FALSE,25,7,8,100,100,57.92,,,,,,,,,
95,build my own!,1,19,FALSE,25,7,8,107,107,57.96,,,,,,,,,
96,build my own!,1,19,FALSE,25,7,8,101,101,51.08,,,,,,,,,
97,build my own!,1,19,FALSE,25,7,8,100,100,56.72,,,,,,,,,
98,build my own!,1,19,FALSE,25,7,8,95,95,50.2,,,,,,,,,
99,build my own!,1,19,FALSE,25,7,8,89,89,42.2,,,,,,,,,
100,build my own!,1,19,FALSE,25,7,8,100,100,62.08,,,,,,,,,
102,build my own!,1,19,FALSE,25,7,10,83,83,50.24,,,,,,,,,
103,build my own!,1,19,FALSE,25,7,10,99,99,50.92,,,,,,,,,
101,build my own!,1,19,FALSE,25,7,10,99,99,59,,,,,,,,,
104,build my own!,1,19,FALSE,25,7,10,106,106,44.96,,,,,,,,,
105,build my own!,1,19,FALSE,25,7,10,93,93,46.48,,,,,,,,,
106,build my own!,1,19,FALSE,25,7,10,94,94,50.44,,,,,,,,,
107,build my own!,1,19,FALSE,25,7,10,104,104,58.2,,,,,,,,,
108,build my own!,1,19,FALSE,25,7,10,102,102,61.88,,,,,,,,,
109,build my own!,1,19,FALSE,25,7,10,101,101,63.52,,,,,,,,,
110,build my own!,1,19,FALSE,25,7,10,102,102,60.64,,,,,,,,,
112,build my own!,1,19,FALSE,25,7,10,96,96,55.6,,,,,,,,,
111,build my own!,1,19,FALSE,25,7,10,101,101,57.64,,,,,,,,,
113,build my own!,1,19,FALSE,25,7,10,111,111,58.48,,,,,,,,,
114,build my own!,1,19,FALSE,25,7,10,96,96,52.6,,,,,,,,,
115,build my own!,1,19,FALSE,25,7,10,102,102,51.24,,,,,,,,,
117,build my own!,1,19,FALSE,25,7,10,94,94,53.44,,,,,,,,,
116,build my own!,1,19,FALSE,25,7,10,97,97,55.92,,,,,,,,,
118,build my own!,1,19,FALSE,25,7,10,87,87,52.28,,,,,,,,,
119,build my own!,1,19,FALSE,25,7,10,103,103,57.68,,,,,,,,,
120,build my own!,1,19,FALSE,25,7,10,100,100,57.64,,,,,,,,,
122,build my own!,1,19,FALSE,25,7,10,95,95,56.44,,,,,,,,,
121,build my own!,1,19,FALSE,25,7,10,92,92,55.08,,,,,,,,,
123,build my own!,1,19,FALSE,25,7,10,101,101,53.56,,,,,,,,,
124,build my own!,1,19,FALSE,25,7,10,98,98,56.92,,,,,,,,,
125,build my own!,1,19,FALSE,25,7,10,95,95,57.52,,,,,,,,,
126,build my own!,1,19,FALSE,50,7,2,123,123,80.46,,,,,,,,,
127,build my own!,1,19,FALSE,50,7,2,130,130,83.9,,,,,,,,,
128,build my own!,1,19,FALSE,50,7,2,129,129,85.62,,,,,,,,,
129,build my own!,1,19,FALSE,50,7,2,133,133,84.08,,,,,,,,,
130,build my own!,1,19,FALSE,50,7,2,123,123,75.26,,,,,,,,,
132,build my own!,1,19,FALSE,50,7,2,129,129,81.92,,,,,,,,,
131,build my own!,1,19,FALSE,50,7,2,131,131,85.9,,,,,,,,,
133,build my own!,1,19,FALSE,50,7,2,129,129,80.96,,,,,,,,,
134,build my own!,1,19,FALSE,50,7,2,129,129,80.88,,,,,,,,,
137,build my own!,1,19,FALSE,50,7,2,121,121,76.88,,,,,,,,,
136,build my own!,1,19,FALSE,50,7,2,139,139,90.04,,,,,,,,,
135,build my own!,1,19,FALSE,50,7,2,132,132,86.18,,,,,,,,,
139,build my own!,1,19,FALSE,50,7,2,136,136,88.66,,,,,,,,,
141,build my own!,1,19,FALSE,50,7,2,129,129,80.3,,,,,,,,,
138,build my own!,1,19,FALSE,50,7,2,125,125,78.12,,,,,,,,,
140,build my own!,1,19,FALSE,50,7,2,141,141,92.4,,,,,,,,,
142,build my own!,1,19,FALSE,50,7,2,124,124,82.42,,,,,,,,,
145,build my own!,1,19,FALSE,50,7,2,123,123,77.68,,,,,,,,,
143,build my own!,1,19,FALSE,50,7,2,131,131,88.86,,,,,,,,,
144,build my own!,1,19,FALSE,50,7,2,120,120,77.96,,,,,,,,,
146,build my own!,1,19,FALSE,50,7,2,132,132,83.42,,,,,,,,,
148,build my own!,1,19,FALSE,50,7,2,128,128,83.82,,,,,,,,,
147,build my own!,1,19,FALSE,50,7,2,135,135,87.9,,,,,,,,,
149,build my own!,1,19,FALSE,50,7,2,129,129,83.98,,,,,,,,,
151,build my own!,1,19,FALSE,50,7,4,114,114,67.46,,,,,,,,,
152,build my own!,1,19,FALSE,50,7,4,113,113,64.9,,,,,,,,,
150,build my own!,1,19,FALSE,50,7,2,122,122,77.72,,,,,,,,,
153,build my own!,1,19,FALSE,50,7,4,111,111,69.2,,,,,,,,,
154,build my own!,1,19,FALSE,50,7,4,106,106,62.7,,,,,,,,,
155,build my own!,1,19,FALSE,50,7,4,107,107,65.64,,,,,,,,,
156,build my own!,1,19,FALSE,50,7,4,111,111,65.04,,,,,,,,,
158,build my own!,1,19,FALSE,50,7,4,114,114,67.9,,,,,,,,,
159,build my own!,1,19,FALSE,50,7,4,120,120,71.06,,,,,,,,,
157,build my own!,1,19,FALSE,50,7,4,114,114,69.12,,,,,,,,,
160,build my own!,1,19,FALSE,50,7,4,117,117,71.4,,,,,,,,,
161,build my own!,1,19,FALSE,50,7,4,102,102,61.26,,,,,,,,,
162,build my own!,1,19,FALSE,50,7,4,115,115,69.14,,,,,,,,,
164,build my own!,1,19,FALSE,50,7,4,115,115,68.1,,,,,,,,,
163,build my own!,1,19,FALSE,50,7,4,109,109,65.38,,,,,,,,,
166,build my own!,1,19,FALSE,50,7,4,110,110,62.62,,,,,,,,,
165,build my own!,1,19,FALSE,50,7,4,121,121,73.2,,,,,,,,,
167,build my own!,1,19,FALSE,50,7,4,116,116,69.22,,,,,,,,,
168,build my own!,1,19,FALSE,50,7,4,110,110,63.3,,,,,,,,,
169,build my own!,1,19,FALSE,50,7,4,115,115,69.18,,,,,,,,,
170,build my own!,1,19,FALSE,50,7,4,114,114,66.04,,,,,,,,,
171,build my own!,1,19,FALSE,50,7,4,115,115,71.2,,,,,,,,,
172,build my own!,1,19,FALSE,50,7,4,110,110,63.86,,,,,,,,,
173,build my own!,1,19,FALSE,50,7,4,109,109,64.68,,,,,,,,,
175,build my own!,1,19,FALSE,50,7,4,111,111,66.92,,,,,,,,,
174,build my own!,1,19,FALSE,50,7,4,116,116,69.72,,,,,,,,,
176,build my own!,1,19,FALSE,50,7,6,106,106,60.14,,,,,,,,,
177,build my own!,1,19,FALSE,50,7,6,106,106,64.56,,,,,,,,,
178,build my own!,1,19,FALSE,50,7,6,105,105,60.64,,,,,,,,,
179,build my own!,1,19,FALSE,50,7,6,116,116,65.68,,,,,,,,,
181,build my own!,1,19,FALSE,50,7,6,109,109,61.82,,,,,,,,,
182,build my own!,1,19,FALSE,50,7,6,116,116,64.06,,,,,,,,,
180,build my own!,1,19,FALSE,50,7,6,111,111,65.96,,,,,,,,,
183,build my own!,1,19,FALSE,50,7,6,105,105,57.4,,,,,,,,,
184,build my own!,1,19,FALSE,50,7,6,100,100,56.34,,,,,,,,,
185,build my own!,1,19,FALSE,50,7,6,116,116,69.28,,,,,,,,,
187,build my own!,1,19,FALSE,50,7,6,102,102,60.62,,,,,,,,,
186,build my own!,1,19,FALSE,50,7,6,108,108,60.02,,,,,,,,,
188,build my own!,1,19,FALSE,50,7,6,108,108,64.18,,,,,,,,,
190,build my own!,1,19,FALSE,50,7,6,106,106,59.86,,,,,,,,,
189,build my own!,1,19,FALSE,50,7,6,110,110,63.4,,,,,,,,,
191,build my own!,1,19,FALSE,50,7,6,109,109,65.52,,,,,,,,,
192,build my own!,1,19,FALSE,50,7,6,111,111,65.18,,,,,,,,,
193,build my own!,1,19,FALSE,50,7,6,109,109,54.66,,,,,,,,,
194,build my own!,1,19,FALSE,50,7,6,114,114,67.1,,,,,,,,,
195,build my own!,1,19,FALSE,50,7,6,106,106,60.52,,,,,,,,,
196,build my own!,1,19,FALSE,50,7,6,108,108,60.9,,,,,,,,,
197,build my own!,1,19,FALSE,50,7,6,108,108,62.94,,,,,,,,,
198,build my own!,1,19,FALSE,50,7,6,114,114,65.58,,,,,,,,,
200,build my own!,1,19,FALSE,50,7,6,100,100,59.28,,,,,,,,,
199,build my own!,1,19,FALSE,50,7,6,105,105,58.74,,,,,,,,,
201,build my own!,1,19,FALSE,50,7,8,108,108,62.46,,,,,,,,,
202,build my own!,1,19,FALSE,50,7,8,104,104,59.94,,,,,,,,,
203,build my own!,1,19,FALSE,50,7,8,108,108,62.4,,,,,,,,,
204,build my own!,1,19,FALSE,50,7,8,104,104,51.4,,,,,,,,,
205,build my own!,1,19,FALSE,50,7,8,110,110,66.44,,,,,,,,,
206,build my own!,1,19,FALSE,50,7,8,110,110,63.34,,,,,,,,,
207,build my own!,1,19,FALSE,50,7,8,103,103,58,,,,,,,,,
208,build my own!,1,19,FALSE,50,7,8,107,107,62.72,,,,,,,,,
209,build my own!,1,19,FALSE,50,7,8,103,103,58.04,,,,,,,,,
210,build my own!,1,19,FALSE,50,7,8,102,102,57.12,,,,,,,,,
211,build my own!,1,19,FALSE,50,7,8,106,106,61,,,,,,,,,
212,build my own!,1,19,FALSE,50,7,8,104,104,58.42,,,,,,,,,
214,build my own!,1,19,FALSE,50,7,8,114,114,61.14,,,,,,,,,
213,build my own!,1,19,FALSE,50,7,8,112,112,64.58,,,,,,,,,
215,build my own!,1,19,FALSE,50,7,8,101,101,55.9,,,,,,,,,
216,build my own!,1,19,FALSE,50,7,8,107,107,62.22,,,,,,,,,
217,build my own!,1,19,FALSE,50,7,8,107,107,59.54,,,,,,,,,
218,build my own!,1,19,FALSE,50,7,8,110,110,65.04,,,,,,,,,
219,build my own!,1,19,FALSE,50,7,8,117,117,68.24,,,,,,,,,
220,build my own!,1,19,FALSE,50,7,8,106,106,53.22,,,,,,,,,
221,build my own!,1,19,FALSE,50,7,8,107,107,61.42,,,,,,,,,
222,build my own!,1,19,FALSE,50,7,8,109,109,60.42,,,,,,,,,
223,build my own!,1,19,FALSE,50,7,8,104,104,60.64,,,,,,,,,
224,build my own!,1,19,FALSE,50,7,8,99,99,57.06,,,,,,,,,
225,build my own!,1,19,FALSE,50,7,8,103,103,58.66,,,,,,,,,
226,build my own!,1,19,FALSE,50,7,10,103,103,56.4,,,,,,,,,
227,build my own!,1,19,FALSE,50,7,10,96,96,54.68,,,,,,,,,
229,build my own!,1,19,FALSE,50,7,10,103,103,59.52,,,,,,,,,
230,build my own!,1,19,FALSE,50,7,10,104,104,57.62,,,,,,,,,
228,build my own!,1,19,FALSE,50,7,10,107,107,59.58,,,,,,,,,
231,build my own!,1,19,FALSE,50,7,10,107,107,60.62,,,,,,,,,
232,build my own!,1,19,FALSE,50,7,10,103,103,59.54,,,,,,,,,
233,build my own!,1,19,FALSE,50,7,10,112,112,66.66,,,,,,,,,
235,build my own!,1,19,FALSE,50,7,10,105,105,59.64,,,,,,,,,
234,build my own!,1,19,FALSE,50,7,10,108,108,61.36,,,,,,,,,
236,build my own!,1,19,FALSE,50,7,10,108,108,59.04,,,,,,,,,
237,build my own!,1,19,FALSE,50,7,10,98,98,55.08,,,,,,,,,
238,build my own!,1,19,FALSE,50,7,10,107,107,56.88,,,,,,,,,
239,build my own!,1,19,FALSE,50,7,10,119,119,66.38,,,,,,,,,
240,build my own!,1,19,FALSE,50,7,10,107,107,55.6,,,,,,,,,
241,build my own!,1,19,FALSE,50,7,10,101,101,54.94,,,,,,,,,
242,build my own!,1,19,FALSE,50,7,10,106,106,53.62,,,,,,,,,
243,build my own!,1,19,FALSE,50,7,10,110,110,61.6,,,,,,,,,
244,build my own!,1,19,FALSE,50,7,10,108,108,61.86,,,,,,,,,
245,build my own!,1,19,FALSE,50,7,10,107,107,64.48,,,,,,,,,
246,build my own!,1,19,FALSE,50,7,10,109,109,57.84,,,,,,,,,
247,build my own!,1,19,FALSE,50,7,10,106,106,58.2,,,,,,,,,
248,build my own!,1,19,FALSE,50,7,10,106,106,57.52,,,,,,,,,
249,build my own!,1,19,FALSE,50,7,10,105,105,58.5,,,,,,,,,
250,build my own!,1,19,FALSE,50,7,10,113,113,67.92,,,,,,,,,
252,build my own!,1,19,FALSE,100,7,2,209,209,116.11,,,,,,,,,
253,build my own!,1,19,FALSE,100,7,2,196,196,110.53,,,,,,,,,
251,build my own!,1,19,FALSE,100,7,2,198,198,113.11,,,,,,,,,
254,build my own!,1,19,FALSE,100,7,2,206,206,114.47,,,,,,,,,
255,build my own!,1,19,FALSE,100,7,2,203,203,113.41,,,,,,,,,
258,build my own!,1,19,FALSE,100,7,2,209,209,117.6,,,,,,,,,
256,build my own!,1,19,FALSE,100,7,2,218,218,123.81,,,,,,,,,
257,build my own!,1,19,FALSE,100,7,2,205,205,115.17,,,,,,,,,
259,build my own!,1,19,FALSE,100,7,2,197,197,114.54,,,,,,,,,
260,build my own!,1,19,FALSE,100,7,2,200,200,115.2,,,,,,,,,
261,build my own!,1,19,FALSE,100,7,2,207,207,115.28,,,,,,,,,
262,build my own!,1,19,FALSE,100,7,2,202,202,113.6,,,,,,,,,
263,build my own!,1,19,FALSE,100,7,2,198,198,110.09,,,,,,,,,
264,build my own!,1,19,FALSE,100,7,2,204,204,115.27,,,,,,,,,
265,build my own!,1,19,FALSE,100,7,2,199,199,111.62,,,,,,,,,
266,build my own!,1,19,FALSE,100,7,2,197,197,112,,,,,,,,,
267,build my own!,1,19,FALSE,100,7,2,204,204,111.9,,,,,,,,,
269,build my own!,1,19,FALSE,100,7,2,202,202,112.37,,,,,,,,,
268,build my own!,1,19,FALSE,100,7,2,215,215,118.52,,,,,,,,,
270,build my own!,1,19,FALSE,100,7,2,205,205,117.44,,,,,,,,,
271,build my own!,1,19,FALSE,100,7,2,209,209,120.7,,,,,,,,,
272,build my own!,1,19,FALSE,100,7,2,204,204,115.05,,,,,,,,,
273,build my own!,1,19,FALSE,100,7,2,199,199,115.53,,,,,,,,,
274,build my own!,1,19,FALSE,100,7,2,210,210,121.99,,,,,,,,,
276,build my own!,1,19,FALSE,100,7,4,194,194,107,,,,,,,,,
275,build my own!,1,19,FALSE,100,7,2,211,211,116.52,,,,,,,,,
277,build my own!,1,19,FALSE,100,7,4,203,203,110.98,,,,,,,,,
278,build my own!,1,19,FALSE,100,7,4,186,186,100.29,,,,,,,,,
280,build my own!,1,19,FALSE,100,7,4,189,189,98.11,,,,,,,,,
279,build my own!,1,19,FALSE,100,7,4,183,183,104.42,,,,,,,,,
281,build my own!,1,19,FALSE,100,7,4,202,202,111.25,,,,,,,,,
283,build my own!,1,19,FALSE,100,7,4,183,183,101.13,,,,,,,,,
282,build my own!,1,19,FALSE,100,7,4,201,201,109.48,,,,,,,,,
284,build my own!,1,19,FALSE,100,7,4,183,183,101.3,,,,,,,,,
285,build my own!,1,19,FALSE,100,7,4,192,192,106.34,,,,,,,,,
286,build my own!,1,19,FALSE,100,7,4,185,185,95.76,,,,,,,,,
288,build my own!,1,19,FALSE,100,7,4,186,186,98.03,,,,,,,,,
287,build my own!,1,19,FALSE,100,7,4,201,201,104.78,,,,,,,,,
289,build my own!,1,19,FALSE,100,7,4,199,199,104.44,,,,,,,,,
290,build my own!,1,19,FALSE,100,7,4,198,198,104.23,,,,,,,,,
291,build my own!,1,19,FALSE,100,7,4,185,185,97.12,,,,,,,,,
292,build my own!,1,19,FALSE,100,7,4,193,193,105.08,,,,,,,,,
293,build my own!,1,19,FALSE,100,7,4,192,192,104.66,,,,,,,,,
294,build my own!,1,19,FALSE,100,7,4,189,189,102.01,,,,,,,,,
295,build my own!,1,19,FALSE,100,7,4,191,191,107.32,,,,,,,,,
297,build my own!,1,19,FALSE,100,7,4,185,185,102.9,,,,,,,,,
296,build my own!,1,19,FALSE,100,7,4,193,193,104.95,,,,,,,,,
299,build my own!,1,19,FALSE,100,7,4,197,197,106.93,,,,,,,,,
298,build my own!,1,19,FALSE,100,7,4,198,198,109.89,,,,,,,,,
300,build my own!,1,19,FALSE,100,7,4,178,178,97.78,,,,,,,,,
301,build my own!,1,19,FALSE,100,7,6,190,190,99.37,,,,,,,,,
302,build my own!,1,19,FALSE,100,7,6,185,185,94.85,,,,,,,,,
303,build my own!,1,19,FALSE,100,7,6,194,194,100.49,,,,,,,,,
304,build my own!,1,19,FALSE,100,7,6,183,183,94.71,,,,,,,,,
305,build my own!,1,19,FALSE,100,7,6,188,188,100.03,,,,,,,,,
307,build my own!,1,19,FALSE,100,7,6,181,181,93.61,,,,,,,,,
306,build my own!,1,19,FALSE,100,7,6,195,195,103.21,,,,,,,,,
308,build my own!,1,19,FALSE,100,7,6,185,185,98.69,,,,,,,,,
309,build my own!,1,19,FALSE,100,7,6,180,180,93.86,,,,,,,,,
310,build my own!,1,19,FALSE,100,7,6,180,180,93.55,,,,,,,,,
311,build my own!,1,19,FALSE,100,7,6,187,187,100.39,,,,,,,,,
312,build my own!,1,19,FALSE,100,7,6,185,185,96.65,,,,,,,,,
313,build my own!,1,19,FALSE,100,7,6,191,191,101.63,,,,,,,,,
314,build my own!,1,19,FALSE,100,7,6,181,181,93.24,,,,,,,,,
315,build my own!,1,19,FALSE,100,7,6,191,191,98.47,,,,,,,,,
316,build my own!,1,19,FALSE,100,7,6,179,179,96.19,,,,,,,,,
317,build my own!,1,19,FALSE,100,7,6,176,176,92.41,,,,,,,,,
318,build my own!,1,19,FALSE,100,7,6,183,183,95.3,,,,,,,,,
319,build my own!,1,19,FALSE,100,7,6,190,190,102.8,,,,,,,,,
320,build my own!,1,19,FALSE,100,7,6,186,186,97.2,,,,,,,,,
321,build my own!,1,19,FALSE,100,7,6,178,178,95.23,,,,,,,,,
322,build my own!,1,19,FALSE,100,7,6,190,190,98.08,,,,,,,,,
323,build my own!,1,19,FALSE,100,7,6,187,187,100.43,,,,,,,,,
324,build my own!,1,19,FALSE,100,7,6,191,191,105.11,,,,,,,,,
325,build my own!,1,19,FALSE,100,7,6,180,180,95.3,,,,,,,,,
326,build my own!,1,19,FALSE,100,7,8,191,191,101.57,,,,,,,,,
327,build my own!,1,19,FALSE,100,7,8,176,176,91.17,,,,,,,,,
328,build my own!,1,19,FALSE,100,7,8,185,185,95.02,,,,,,,,,
330,build my own!,1,19,FALSE,100,7,8,187,187,99.22,,,,,,,,,
331,build my own!,1,19,FALSE,100,7,8,180,180,95.47,,,,,,,,,
329,build my own!,1,19,FALSE,100,7,8,196,196,104.2,,,,,,,,,
332,build my own!,1,19,FALSE,100,7,8,182,182,93.97,,,,,,,,,
333,build my own!,1,19,FALSE,100,7,8,180,180,90.78,,,,,,,,,
334,build my own!,1,19,FALSE,100,7,8,175,175,94.54,,,,,,,,,
336,build my own!,1,19,FALSE,100,7,8,192,192,101.48,,,,,,,,,
335,build my own!,1,19,FALSE,100,7,8,194,194,102.03,,,,,,,,,
337,build my own!,1,19,FALSE,100,7,8,187,187,95.21,,,,,,,,,
338,build my own!,1,19,FALSE,100,7,8,178,178,92.11,,,,,,,,,
339,build my own!,1,19,FALSE,100,7,8,183,183,95.61,,,,,,,,,
340,build my own!,1,19,FALSE,100,7,8,183,183,96.9,,,,,,,,,
341,build my own!,1,19,FALSE,100,7,8,174,174,91.25,,,,,,,,,
342,build my own!,1,19,FALSE,100,7,8,182,182,101.38,,,,,,,,,
343,build my own!,1,19,FALSE,100,7,8,189,189,99.85,,,,,,,,,
344,build my own!,1,19,FALSE,100,7,8,182,182,95.68,,,,,,,,,
345,build my own!,1,19,FALSE,100,7,8,182,182,96.26,,,,,,,,,
346,build my own!,1,19,FALSE,100,7,8,167,167,88.15,,,,,,,,,
347,build my own!,1,19,FALSE,100,7,8,198,198,106.98,,,,,,,,,
348,build my own!,1,19,FALSE,100,7,8,179,179,94.51,,,,,,,,,
349,build my own!,1,19,FALSE,100,7,8,179,179,92.89,,,,,,,,,
350,build my own!,1,19,FALSE,100,7,8,192,192,101.68,,,,,,,,,
351,build my own!,1,19,FALSE,100,7,10,176,176,90.53,,,,,,,,,
352,build my own!,1,19,FALSE,100,7,10,187,187,95.51,,,,,,,,,
353,build my own!,1,19,FALSE,100,7,10,183,183,94.09,,,,,,,,,
354,build my own!,1,19,FALSE,100,7,10,178,178,92.55,,,,,,,,,
355,build my own!,1,19,FALSE,100,7,10,178,178,88.89,,,,,,,,,
356,build my own!,1,19,FALSE,100,7,10,173,173,92.61,,,,,,,,,
357,build my own!,1,19,FALSE,100,7,10,189,189,100.07,,,,,,,,,
358,build my own!,1,19,FALSE,100,7,10,177,177,92.98,,,,,,,,,
359,build my own!,1,19,FALSE,100,7,10,187,187,98.49,,,,,,,,,
360,build my own!,1,19,FALSE,100,7,10,165,165,84.63,,,,,,,,,
361,build my own!,1,19,FALSE,100,7,10,191,191,102.82,,,,,,,,,
362,build my own!,1,19,FALSE,100,7,10,186,186,99.26,,,,,,,,,
363,build my own!,1,19,FALSE,100,7,10,194,194,102.15,,,,,,,,,
364,build my own!,1,19,FALSE,100,7,10,183,183,95.66,,,,,,,,,
365,build my own!,1,19,FALSE,100,7,10,174,174,89.45,,,,,,,,,
366,build my own!,1,19,FALSE,100,7,10,183,183,95.97,,,,,,,,,
367,build my own!,1,19,FALSE,100,7,10,182,182,97.11,,,,,,,,,
369,build my own!,1,19,FALSE,100,7,10,186,186,97.68,,,,,,,,,
368,build my own!,1,19,FALSE,100,7,10,184,184,97.17,,,,,,,,,
370,build my own!,1,19,FALSE,100,7,10,181,181,95.15,,,,,,,,,
371,build my own!,1,19,FALSE,100,7,10,189,189,96.35,,,,,,,,,
372,build my own!,1,19,FALSE,100,7,10,188,188,102.32,,,,,,,,,
374,build my own!,1,19,FALSE,100,7,10,182,182,96.5,,,,,,,,,
373,build my own!,1,19,FALSE,100,7,10,183,183,93.34,,,,,,,,,
375,build my own!,1,19,FALSE,100,7,10,195,195,100.7,,,,,,,,,
376,build my own!,1,19,FALSE,150,7,2,274,274,146.7066667,,,,,,,,,
377,build my own!,1,19,FALSE,150,7,2,287,287,146.5066667,,,,,,,,,
378,build my own!,1,19,FALSE,150,7,2,284,284,151.9933333,,,,,,,,,
379,build my own!,1,19,FALSE,150,7,2,294,294,157.7266667,,,,,,,,,
380,build my own!,1,19,FALSE,150,7,2,285,285,154.28,,,,,,,,,
381,build my own!,1,19,FALSE,150,7,2,287,287,155.8666667,,,,,,,,,
383,build my own!,1,19,FALSE,150,7,2,279,279,148.4666667,,,,,,,,,
382,build my own!,1,19,FALSE,150,7,2,276,276,146.1,,,,,,,,,
384,build my own!,1,19,FALSE,150,7,2,281,281,149.4266667,,,,,,,,,
385,build my own!,1,19,FALSE,150,7,2,292,292,155.38,,,,,,,,,
386,build my own!,1,19,FALSE,150,7,2,290,290,155.4066667,,,,,,,,,
387,build my own!,1,19,FALSE,150,7,2,285,285,152.8533333,,,,,,,,,
388,build my own!,1,19,FALSE,150,7,2,271,271,143.64,,,,,,,,,
389,build my own!,1,19,FALSE,150,7,2,288,288,153.02,,,,,,,,,
390,build my own!,1,19,FALSE,150,7,2,292,292,156.82,,,,,,,,,
391,build my own!,1,19,FALSE,150,7,2,275,275,145.9866667,,,,,,,,,
392,build my own!,1,19,FALSE,150,7,2,280,280,150.1466667,,,,,,,,,
393,build my own!,1,19,FALSE,150,7,2,301,301,162.8866667,,,,,,,,,
394,build my own!,1,19,FALSE,150,7,2,284,284,148.8866667,,,,,,,,,
395,build my own!,1,19,FALSE,150,7,2,288,288,148.9466667,,,,,,,,,
396,build my own!,1,19,FALSE,150,7,2,279,279,148.2533333,,,,,,,,,
397,build my own!,1,19,FALSE,150,7,2,289,289,157.5,,,,,,,,,
398,build my own!,1,19,FALSE,150,7,2,282,282,153.46,,,,,,,,,
399,build my own!,1,19,FALSE,150,7,2,283,283,150.5266667,,,,,,,,,
400,build my own!,1,19,FALSE,150,7,2,290,290,151.9266667,,,,,,,,,
402,build my own!,1,19,FALSE,150,7,4,252,252,127.4066667,,,,,,,,,
401,build my own!,1,19,FALSE,150,7,4,285,285,144.78,,,,,,,,,
403,build my own!,1,19,FALSE,150,7,4,273,273,140.84,,,,,,,,,
404,build my own!,1,19,FALSE,150,7,4,264,264,135.0066667,,,,,,,,,
405,build my own!,1,19,FALSE,150,7,4,262,262,135.8533333,,,,,,,,,
406,build my own!,1,19,FALSE,150,7,4,273,273,139.3,,,,,,,,,
407,build my own!,1,19,FALSE,150,7,4,278,278,145.38,,,,,,,,,
408,build my own!,1,19,FALSE,150,7,4,282,282,147.1066667,,,,,,,,,
409,build my own!,1,19,FALSE,150,7,4,275,275,140.3666667,,,,,,,,,
410,build my own!,1,19,FALSE,150,7,4,277,277,141.96,,,,,,,,,
411,build my own!,1,19,FALSE,150,7,4,290,290,151.6866667,,,,,,,,,
412,build my own!,1,19,FALSE,150,7,4,260,260,130.9133333,,,,,,,,,
413,build my own!,1,19,FALSE,150,7,4,276,276,150.52,,,,,,,,,
414,build my own!,1,19,FALSE,150,7,4,272,272,139.82,,,,,,,,,
416,build my own!,1,19,FALSE,150,7,4,267,267,138.2866667,,,,,,,,,
415,build my own!,1,19,FALSE,150,7,4,272,272,142.04,,,,,,,,,
418,build my own!,1,19,FALSE,150,7,4,271,271,144.1,,,,,,,,,
417,build my own!,1,19,FALSE,150,7,4,288,288,148.32,,,,,,,,,
419,build my own!,1,19,FALSE,150,7,4,280,280,149.9533333,,,,,,,,,
420,build my own!,1,19,FALSE,150,7,4,274,274,141.8066667,,,,,,,,,
422,build my own!,1,19,FALSE,150,7,4,261,261,134.9733333,,,,,,,,,
421,build my own!,1,19,FALSE,150,7,4,275,275,142.4,,,,,,,,,
423,build my own!,1,19,FALSE,150,7,4,277,277,144.0066667,,,,,,,,,
425,build my own!,1,19,FALSE,150,7,4,269,269,140.94,,,,,,,,,
426,build my own!,1,19,FALSE,150,7,6,255,255,132.3466667,,,,,,,,,
424,build my own!,1,19,FALSE,150,7,4,274,274,139.7066667,,,,,,,,,
427,build my own!,1,19,FALSE,150,7,6,274,274,141.86,,,,,,,,,
428,build my own!,1,19,FALSE,150,7,6,272,272,140.5866667,,,,,,,,,
429,build my own!,1,19,FALSE,150,7,6,272,272,139.9266667,,,,,,,,,
430,build my own!,1,19,FALSE,150,7,6,274,274,140.12,,,,,,,,,
432,build my own!,1,19,FALSE,150,7,6,268,268,141.54,,,,,,,,,
431,build my own!,1,19,FALSE,150,7,6,279,279,147.22,,,,,,,,,
433,build my own!,1,19,FALSE,150,7,6,273,273,140.68,,,,,,,,,
434,build my own!,1,19,FALSE,150,7,6,262,262,136.0533333,,,,,,,,,
437,build my own!,1,19,FALSE,150,7,6,262,262,135.42,,,,,,,,,
436,build my own!,1,19,FALSE,150,7,6,270,270,139.7266667,,,,,,,,,
435,build my own!,1,19,FALSE,150,7,6,275,275,142.4666667,,,,,,,,,
438,build my own!,1,19,FALSE,150,7,6,278,278,141.64,,,,,,,,,
439,build my own!,1,19,FALSE,150,7,6,275,275,138.2133333,,,,,,,,,
441,build my own!,1,19,FALSE,150,7,6,256,256,131.3866667,,,,,,,,,
440,build my own!,1,19,FALSE,150,7,6,277,277,144.3933333,,,,,,,,,
442,build my own!,1,19,FALSE,150,7,6,269,269,133.8266667,,,,,,,,,
443,build my own!,1,19,FALSE,150,7,6,267,267,141.4933333,,,,,,,,,
445,build my own!,1,19,FALSE,150,7,6,268,268,138.3933333,,,,,,,,,
444,build my own!,1,19,FALSE,150,7,6,279,279,146.1,,,,,,,,,
446,build my own!,1,19,FALSE,150,7,6,260,260,133.94,,,,,,,,,
448,build my own!,1,19,FALSE,150,7,6,275,275,140.4733333,,,,,,,,,
447,build my own!,1,19,FALSE,150,7,6,273,273,141.1066667,,,,,,,,,
449,build my own!,1,19,FALSE,150,7,6,276,276,142.2866667,,,,,,,,,
450,build my own!,1,19,FALSE,150,7,6,268,268,137.62,,,,,,,,,
451,build my own!,1,19,FALSE,150,7,8,261,261,131.72,,,,,,,,,
452,build my own!,1,19,FALSE,150,7,8,269,269,139.3133333,,,,,,,,,
453,build my own!,1,19,FALSE,150,7,8,268,268,141.3533333,,,,,,,,,
454,build my own!,1,19,FALSE,150,7,8,269,269,139.06,,,,,,,,,
455,build my own!,1,19,FALSE,150,7,8,252,252,129.6933333,,,,,,,,,
456,build my own!,1,19,FALSE,150,7,8,270,270,136.8533333,,,,,,,,,
457,build my own!,1,19,FALSE,150,7,8,282,282,144.1133333,,,,,,,,,
458,build my own!,1,19,FALSE,150,7,8,266,266,136.7066667,,,,,,,,,
459,build my own!,1,19,FALSE,150,7,8,279,279,144.0133333,,,,,,,,,
460,build my own!,1,19,FALSE,150,7,8,263,263,134.8533333,,,,,,,,,
461,build my own!,1,19,FALSE,150,7,8,270,270,134.92,,,,,,,,,
463,build my own!,1,19,FALSE,150,7,8,269,269,133.3266667,,,,,,,,,
462,build my own!,1,19,FALSE,150,7,8,268,268,135.2066667,,,,,,,,,
464,build my own!,1,19,FALSE,150,7,8,271,271,136.5,,,,,,,,,
465,build my own!,1,19,FALSE,150,7,8,277,277,140.16,,,,,,,,,
466,build my own!,1,19,FALSE,150,7,8,279,279,143.18,,,,,,,,,
468,build my own!,1,19,FALSE,150,7,8,260,260,134.3066667,,,,,,,,,
467,build my own!,1,19,FALSE,150,7,8,270,270,140.1866667,,,,,,,,,
469,build my own!,1,19,FALSE,150,7,8,259,259,134.2266667,,,,,,,,,
470,build my own!,1,19,FALSE,150,7,8,278,278,136.9866667,,,,,,,,,
471,build my own!,1,19,FALSE,150,7,8,257,257,132.88,,,,,,,,,
473,build my own!,1,19,FALSE,150,7,8,263,263,132.58,,,,,,,,,
472,build my own!,1,19,FALSE,150,7,8,265,265,134.9066667,,,,,,,,,
474,build my own!,1,19,FALSE,150,7,8,271,271,139.06,,,,,,,,,
475,build my own!,1,19,FALSE,150,7,8,261,261,136.3133333,,,,,,,,,
476,build my own!,1,19,FALSE,150,7,10,270,270,141.56,,,,,,,,,
477,build my own!,1,19,FALSE,150,7,10,257,257,135.3466667,,,,,,,,,
478,build my own!,1,19,FALSE,150,7,10,262,262,131.7466667,,,,,,,,,
479,build my own!,1,19,FALSE,150,7,10,274,274,142.42,,,,,,,,,
480,build my own!,1,19,FALSE,150,7,10,276,276,139.8933333,,,,,,,,,
481,build my own!,1,19,FALSE,150,7,10,260,260,134.26,,,,,,,,,
482,build my own!,1,19,FALSE,150,7,10,270,270,138.6066667,,,,,,,,,
483,build my own!,1,19,FALSE,150,7,10,263,263,133.9933333,,,,,,,,,
484,build my own!,1,19,FALSE,150,7,10,269,269,135.3733333,,,,,,,,,
485,build my own!,1,19,FALSE,150,7,10,272,272,137.62,,,,,,,,,
486,build my own!,1,19,FALSE,150,7,10,262,262,132.38,,,,,,,,,
487,build my own!,1,19,FALSE,150,7,10,267,267,133.9133333,,,,,,,,,
488,build my own!,1,19,FALSE,150,7,10,268,268,136.28,,,,,,,,,
489,build my own!,1,19,FALSE,150,7,10,270,270,138.6933333,,,,,,,,,
490,build my own!,1,19,FALSE,150,7,10,274,274,140.96,,,,,,,,,
491,build my own!,1,19,FALSE,150,7,10,274,274,138.0866667,,,,,,,,,
492,build my own!,1,19,FALSE,150,7,10,274,274,138.0333333,,,,,,,,,
493,build my own!,1,19,FALSE,150,7,10,250,250,127.1466667,,,,,,,,,
494,build my own!,1,19,FALSE,150,7,10,265,265,134.66,,,,,,,,,
496,build my own!,1,19,FALSE,150,7,10,254,254,128.8133333,,,,,,,,,
495,build my own!,1,19,FALSE,150,7,10,281,281,141.6466667,,,,,,,,,
497,build my own!,1,19,FALSE,150,7,10,261,261,133.58,,,,,,,,,
498,build my own!,1,19,FALSE,150,7,10,257,257,129.8533333,,,,,,,,,
499,build my own!,1,19,FALSE,150,7,10,267,267,137.44,,,,,,,,,
500,build my own!,1,19,FALSE,150,7,10,260,260,134.3733333,,,,,,,,,
501,build my own!,1,19,FALSE,200,7,2,338,338,173.13,,,,,,,,,
502,build my own!,1,19,FALSE,200,7,2,365,365,189.06,,,,,,,,,
503,build my own!,1,19,FALSE,200,7,2,360,360,183.185,,,,,,,,,
504,build my own!,1,19,FALSE,200,7,2,368,368,189.93,,,,,,,,,
505,build my own!,1,19,FALSE,200,7,2,348,348,181.09,,,,,,,,,
507,build my own!,1,19,FALSE,200,7,2,363,363,184.37,,,,,,,,,
506,build my own!,1,19,FALSE,200,7,2,371,371,194.54,,,,,,,,,
508,build my own!,1,19,FALSE,200,7,2,366,366,188.75,,,,,,,,,
510,build my own!,1,19,FALSE,200,7,2,361,361,184.74,,,,,,,,,
509,build my own!,1,19,FALSE,200,7,2,364,364,187.77,,,,,,,,,
511,build my own!,1,19,FALSE,200,7,2,363,363,185.3,,,,,,,,,
513,build my own!,1,19,FALSE,200,7,2,365,365,184.56,,,,,,,,,
514,build my own!,1,19,FALSE,200,7,2,364,364,185.03,,,,,,,,,
515,build my own!,1,19,FALSE,200,7,2,362,362,188.435,,,,,,,,,
516,build my own!,1,19,FALSE,200,7,2,355,355,184.5,,,,,,,,,
517,build my own!,1,19,FALSE,200,7,2,356,356,181.24,,,,,,,,,
518,build my own!,1,19,FALSE,200,7,2,366,366,187.17,,,,,,,,,
519,build my own!,1,19,FALSE,200,7,2,360,360,188.29,,,,,,,,,
521,build my own!,1,19,FALSE,200,7,2,368,368,197.17,,,,,,,,,
520,build my own!,1,19,FALSE,200,7,2,372,372,196.83,,,,,,,,,
522,build my own!,1,19,FALSE,200,7,2,359,359,184.105,,,,,,,,,
523,build my own!,1,19,FALSE,200,7,2,357,357,185.815,,,,,,,,,
524,build my own!,1,19,FALSE,200,7,2,353,353,186.77,,,,,,,,,
525,build my own!,1,19,FALSE,200,7,2,374,374,192.645,,,,,,,,,
526,build my own!,1,19,FALSE,200,7,4,366,366,187.52,,,,,,,,,
527,build my own!,1,19,FALSE,200,7,4,357,357,183.475,,,,,,,,,
528,build my own!,1,19,FALSE,200,7,4,347,347,180.4,,,,,,,,,
529,build my own!,1,19,FALSE,200,7,4,365,365,185.5,,,,,,,,,
530,build my own!,1,19,FALSE,200,7,4,350,350,176.16,,,,,,,,,
531,build my own!,1,19,FALSE,200,7,4,353,353,178.395,,,,,,,,,
533,build my own!,1,19,FALSE,200,7,4,340,340,171.07,,,,,,,,,
532,build my own!,1,19,FALSE,200,7,4,371,371,190.63,,,,,,,,,
534,build my own!,1,19,FALSE,200,7,4,361,361,184.76,,,,,,,,,
535,build my own!,1,19,FALSE,200,7,4,343,343,173.73,,,,,,,,,
536,build my own!,1,19,FALSE,200,7,4,343,343,172.45,,,,,,,,,
537,build my own!,1,19,FALSE,200,7,4,356,356,184.915,,,,,,,,,
539,build my own!,1,19,FALSE,200,7,4,364,364,182.165,,,,,,,,,
538,build my own!,1,19,FALSE,200,7,4,358,358,184.32,,,,,,,,,
540,build my own!,1,19,FALSE,200,7,4,345,345,172.67,,,,,,,,,
541,build my own!,1,19,FALSE,200,7,4,347,347,179.03,,,,,,,,,
542,build my own!,1,19,FALSE,200,7,4,355,355,182.1,,,,,,,,,
543,build my own!,1,19,FALSE,200,7,4,354,354,177.89,,,,,,,,,
544,build my own!,1,19,FALSE,200,7,4,361,361,183.845,,,,,,,,,
545,build my own!,1,19,FALSE,200,7,4,356,356,179.505,,,,,,,,,
546,build my own!,1,19,FALSE,200,7,4,367,367,186.315,,,,,,,,,
547,build my own!,1,19,FALSE,200,7,4,341,341,173.6,,,,,,,,,
548,build my own!,1,19,FALSE,200,7,4,350,350,179.77,,,,,,,,,
549,build my own!,1,19,FALSE,200,7,4,360,360,184.54,,,,,,,,,
550,build my own!,1,19,FALSE,200,7,4,346,346,174.61,,,,,,,,,
551,build my own!,1,19,FALSE,200,7,6,365,365,185.485,,,,,,,,,
552,build my own!,1,19,FALSE,200,7,6,361,361,187.22,,,,,,,,,
553,build my own!,1,19,FALSE,200,7,6,359,359,179.385,,,,,,,,,
554,build my own!,1,19,FALSE,200,7,6,367,367,187.89,,,,,,,,,
555,build my own!,1,19,FALSE,200,7,6,361,361,182.855,,,,,,,,,
556,build my own!,1,19,FALSE,200,7,6,367,367,180.885,,,,,,,,,
557,build my own!,1,19,FALSE,200,7,6,341,341,175.54,,,,,,,,,
558,build my own!,1,19,FALSE,200,7,6,349,349,174.57,,,,,,,,,
559,build my own!,1,19,FALSE,200,7,6,339,339,172.37,,,,,,,,,
560,build my own!,1,19,FALSE,200,7,6,348,348,179.175,,,,,,,,,
561,build my own!,1,19,FALSE,200,7,6,338,338,172.56,,,,,,,,,
562,build my own!,1,19,FALSE,200,7,6,383,383,191.475,,,,,,,,,
563,build my own!,1,19,FALSE,200,7,6,360,360,184.665,,,,,,,,,
564,build my own!,1,19,FALSE,200,7,6,370,370,190.22,,,,,,,,,
565,build my own!,1,19,FALSE,200,7,6,349,349,177.535,,,,,,,,,
566,build my own!,1,19,FALSE,200,7,6,343,343,178.09,,,,,,,,,
567,build my own!,1,19,FALSE,200,7,6,355,355,182.685,,,,,,,,,
568,build my own!,1,19,FALSE,200,7,6,347,347,177.32,,,,,,,,,
569,build my own!,1,19,FALSE,200,7,6,363,363,187.215,,,,,,,,,
570,build my own!,1,19,FALSE,200,7,6,341,341,170.895,,,,,,,,,
571,build my own!,1,19,FALSE,200,7,6,355,355,186.095,,,,,,,,,
572,build my own!,1,19,FALSE,200,7,6,358,358,179.68,,,,,,,,,
573,build my own!,1,19,FALSE,200,7,6,359,359,181.645,,,,,,,,,
574,build my own!,1,19,FALSE,200,7,6,354,354,177.045,,,,,,,,,
575,build my own!,1,19,FALSE,200,7,6,361,361,183.445,,,,,,,,,
576,build my own!,1,19,FALSE,200,7,8,352,352,177.13,,,,,,,,,
577,build my own!,1,19,FALSE,200,7,8,357,357,179.175,,,,,,,,,
578,build my own!,1,19,FALSE,200,7,8,360,360,178.9,,,,,,,,,
579,build my own!,1,19,FALSE,200,7,8,350,350,180.715,,,,,,,,,
580,build my own!,1,19,FALSE,200,7,8,354,354,170.935,,,,,,,,,
581,build my own!,1,19,FALSE,200,7,8,350,350,182.13,,,,,,,,,
583,build my own!,1,19,FALSE,200,7,8,357,357,179.01,,,,,,,,,
582,build my own!,1,19,FALSE,200,7,8,371,371,189.655,,,,,,,,,
584,build my own!,1,19,FALSE,200,7,8,355,355,179.775,,,,,,,,,
586,build my own!,1,19,FALSE,200,7,8,349,349,173.04,,,,,,,,,
585,build my own!,1,19,FALSE,200,7,8,347,347,176.995,,,,,,,,,
587,build my own!,1,19,FALSE,200,7,8,351,351,177.4,,,,,,,,,
589,build my own!,1,19,FALSE,200,7,8,352,352,177.94,,,,,,,,,
588,build my own!,1,19,FALSE,200,7,8,356,356,177.965,,,,,,,,,
590,build my own!,1,19,FALSE,200,7,8,352,352,177.865,,,,,,,,,
592,build my own!,1,19,FALSE,200,7,8,345,345,170.7,,,,,,,,,
591,build my own!,1,19,FALSE,200,7,8,353,353,178.195,,,,,,,,,
593,build my own!,1,19,FALSE,200,7,8,354,354,177.45,,,,,,,,,
594,build my own!,1,19,FALSE,200,7,8,362,362,178.84,,,,,,,,,
595,build my own!,1,19,FALSE,200,7,8,350,350,173.745,,,,,,,,,
596,build my own!,1,19,FALSE,200,7,8,364,364,181.65,,,,,,,,,
597,build my own!,1,19,FALSE,200,7,8,350,350,177.245,,,,,,,,,
598,build my own!,1,19,FALSE,200,7,8,345,345,177.73,,,,,,,,,
599,build my own!,1,19,FALSE,200,7,8,363,363,182.075,,,,,,,,,
600,build my own!,1,19,FALSE,200,7,8,356,356,183.995,,,,,,,,,
601,build my own!,1,19,FALSE,200,7,10,364,364,185.9,,,,,,,,,
602,build my own!,1,19,FALSE,200,7,10,356,356,180.575,,,,,,,,,
603,build my own!,1,19,FALSE,200,7,10,348,348,175.285,,,,,,,,,
604,build my own!,1,19,FALSE,200,7,10,347,347,173.535,,,,,,,,,
605,build my own!,1,19,FALSE,200,7,10,359,359,179.875,,,,,,,,,
606,build my own!,1,19,FALSE,200,7,10,362,362,186.15,,,,,,,,,
607,build my own!,1,19,FALSE,200,7,10,363,363,186.305,,,,,,,,,
608,build my own!,1,19,FALSE,200,7,10,358,358,178.815,,,,,,,,,
609,build my own!,1,19,FALSE,200,7,10,349,349,173.655,,,,,,,,,
610,build my own!,1,19,FALSE,200,7,10,355,355,178.715,,,,,,,,,
611,build my own!,1,19,FALSE,200,7,10,353,353,179.45,,,,,,,,,
612,build my own!,1,19,FALSE,200,7,10,358,358,181.955,,,,,,,,,
613,build my own!,1,19,FALSE,200,7,10,351,351,179.08,,,,,,,,,
614,build my own!,1,19,FALSE,200,7,10,355,355,177.68,,,,,,,,,
615,build my own!,1,19,FALSE,200,7,10,339,339,169.23,,,,,,,,,
616,build my own!,1,19,FALSE,200,7,10,365,365,183.375,,,,,,,,,
618,build my own!,1,19,FALSE,200,7,10,353,353,178.18,,,,,,,,,
617,build my own!,1,19,FALSE,200,7,10,361,361,182.165,,,,,,,,,
619,build my own!,1,19,FALSE,200,7,10,351,351,176.465,,,,,,,,,
620,build my own!,1,19,FALSE,200,7,10,362,362,180.57,,,,,,,,,
621,build my own!,1,19,FALSE,200,7,10,358,358,180.455,,,,,,,,,
622,build my own!,1,19,FALSE,200,7,10,352,352,175.405,,,,,,,,,
623,build my own!,1,19,FALSE,200,7,10,356,356,181.61,,,,,,,,,
625,build my own!,1,19,FALSE,200,7,10,350,350,175.76,,,,,,,,,
624,build my own!,1,19,FALSE,200,7,10,358,358,182.385,,,,,,,,,
626,build my own!,1,19,FALSE,250,7,2,439,439,221.564,,,,,,,,,
627,build my own!,1,19,FALSE,250,7,2,451,451,227.628,,,,,,,,,
628,build my own!,1,19,FALSE,250,7,2,508,508,228.712,,,,,,,,,
629,build my own!,1,19,FALSE,250,7,2,441,441,225.028,,,,,,,,,
630,build my own!,1,19,FALSE,250,7,2,442,442,225.18,,,,,,,,,
631,build my own!,1,19,FALSE,250,7,2,438,438,222.88,,,,,,,,,
632,build my own!,1,19,FALSE,250,7,2,494,494,222.668,,,,,,,,,
633,build my own!,1,19,FALSE,250,7,2,440,440,223.712,,,,,,,,,
634,build my own!,1,19,FALSE,250,7,2,459,459,227.168,,,,,,,,,
635,build my own!,1,19,FALSE,250,7,2,439,439,225.772,,,,,,,,,
636,build my own!,1,19,FALSE,250,7,2,444,444,223.98,,,,,,,,,
637,build my own!,1,19,FALSE,250,7,2,435,435,215.536,,,,,,,,,
638,build my own!,1,19,FALSE,250,7,2,449,449,226.152,,,,,,,,,
639,build my own!,1,19,FALSE,250,7,2,452,452,235.18,,,,,,,,,
640,build my own!,1,19,FALSE,250,7,2,425,425,216.66,,,,,,,,,
641,build my own!,1,19,FALSE,250,7,2,521,521,234.708,,,,,,,,,
642,build my own!,1,19,FALSE,250,7,2,445,445,228.536,,,,,,,,,
643,build my own!,1,19,FALSE,250,7,2,443,443,223.888,,,,,,,,,
644,build my own!,1,19,FALSE,250,7,2,505,505,224.096,,,,,,,,,
645,build my own!,1,19,FALSE,250,7,2,507,507,216.008,,,,,,,,,
646,build my own!,1,19,FALSE,250,7,2,435,435,220.044,,,,,,,,,
647,build my own!,1,19,FALSE,250,7,2,436,436,217.324,,,,,,,,,
648,build my own!,1,19,FALSE,250,7,2,444,444,233.292,,,,,,,,,
649,build my own!,1,19,FALSE,250,7,2,454,454,230.668,,,,,,,,,
650,build my own!,1,19,FALSE,250,7,2,435,435,222.888,,,,,,,,,
651,build my own!,1,19,FALSE,250,7,4,459,459,232.056,,,,,,,,,
652,build my own!,1,19,FALSE,250,7,4,441,441,222.164,,,,,,,,,
653,build my own!,1,19,FALSE,250,7,4,425,425,213.64,,,,,,,,,
654,build my own!,1,19,FALSE,250,7,4,438,438,217.492,,,,,,,,,
655,build my own!,1,19,FALSE,250,7,4,426,426,216.12,,,,,,,,,
657,build my own!,1,19,FALSE,250,7,4,423,423,211.088,,,,,,,,,
656,build my own!,1,19,FALSE,250,7,4,461,461,233.44,,,,,,,,,
658,build my own!,1,19,FALSE,250,7,4,438,438,218.228,,,,,,,,,
660,build my own!,1,19,FALSE,250,7,4,435,435,218.512,,,,,,,,,
659,build my own!,1,19,FALSE,250,7,4,439,439,222.972,,,,,,,,,
661,build my own!,1,19,FALSE,250,7,4,424,424,217.744,,,,,,,,,
662,build my own!,1,19,FALSE,250,7,4,430,430,217.608,,,,,,,,,
663,build my own!,1,19,FALSE,250,7,4,428,428,215.608,,,,,,,,,
664,build my own!,1,19,FALSE,250,7,4,450,450,231.86,,,,,,,,,
665,build my own!,1,19,FALSE,250,7,4,435,435,222.38,,,,,,,,,
666,build my own!,1,19,FALSE,250,7,4,441,441,219.04,,,,,,,,,
667,build my own!,1,19,FALSE,250,7,4,446,446,225.588,,,,,,,,,
668,build my own!,1,19,FALSE,250,7,4,442,442,218.056,,,,,,,,,
669,build my own!,1,19,FALSE,250,7,4,432,432,219.432,,,,,,,,,
670,build my own!,1,19,FALSE,250,7,4,453,453,231.564,,,,,,,,,
671,build my own!,1,19,FALSE,250,7,4,446,446,223.84,,,,,,,,,
672,build my own!,1,19,FALSE,250,7,4,437,437,222.64,,,,,,,,,
673,build my own!,1,19,FALSE,250,7,4,440,440,220.808,,,,,,,,,
675,build my own!,1,19,FALSE,250,7,4,454,454,224.268,,,,,,,,,
674,build my own!,1,19,FALSE,250,7,4,458,458,230.636,,,,,,,,,
676,build my own!,1,19,FALSE,250,7,6,424,424,213.888,,,,,,,,,
678,build my own!,1,19,FALSE,250,7,6,454,454,228.068,,,,,,,,,
677,build my own!,1,19,FALSE,250,7,6,453,453,229.464,,,,,,,,,
679,build my own!,1,19,FALSE,250,7,6,447,447,228.432,,,,,,,,,
680,build my own!,1,19,FALSE,250,7,6,441,441,218.748,,,,,,,,,
681,build my own!,1,19,FALSE,250,7,6,448,448,227.812,,,,,,,,,
682,build my own!,1,19,FALSE,250,7,6,453,453,229.572,,,,,,,,,
683,build my own!,1,19,FALSE,250,7,6,440,440,223.248,,,,,,,,,
684,build my own!,1,19,FALSE,250,7,6,427,427,213.38,,,,,,,,,
685,build my own!,1,19,FALSE,250,7,6,441,441,225.784,,,,,,,,,
686,build my own!,1,19,FALSE,250,7,6,429,429,217.444,,,,,,,,,
687,build my own!,1,19,FALSE,250,7,6,456,456,233.24,,,,,,,,,
688,build my own!,1,19,FALSE,250,7,6,449,449,221.064,,,,,,,,,
689,build my own!,1,19,FALSE,250,7,6,444,444,227.284,,,,,,,,,
690,build my own!,1,19,FALSE,250,7,6,438,438,219.74,,,,,,,,,
691,build my own!,1,19,FALSE,250,7,6,458,458,230.132,,,,,,,,,
692,build my own!,1,19,FALSE,250,7,6,433,433,218.748,,,,,,,,,
693,build my own!,1,19,FALSE,250,7,6,428,428,217.84,,,,,,,,,
694,build my own!,1,19,FALSE,250,7,6,436,436,214.944,,,,,,,,,
695,build my own!,1,19,FALSE,250,7,6,438,438,217.116,,,,,,,,,
696,build my own!,1,19,FALSE,250,7,6,456,456,230.032,,,,,,,,,
697,build my own!,1,19,FALSE,250,7,6,446,446,222.04,,,,,,,,,
698,build my own!,1,19,FALSE,250,7,6,449,449,228.42,,,,,,,,,
699,build my own!,1,19,FALSE,250,7,6,455,455,229.48,,,,,,,,,
700,build my own!,1,19,FALSE,250,7,6,446,446,225.22,,,,,,,,,
701,build my own!,1,19,FALSE,250,7,8,423,423,210.088,,,,,,,,,
702,build my own!,1,19,FALSE,250,7,8,421,421,213.548,,,,,,,,,
703,build my own!,1,19,FALSE,250,7,8,436,436,216.744,,,,,,,,,
704,build my own!,1,19,FALSE,250,7,8,440,440,223.98,,,,,,,,,
705,build my own!,1,19,FALSE,250,7,8,439,439,225.916,,,,,,,,,
706,build my own!,1,19,FALSE,250,7,8,423,423,215.06,,,,,,,,,
707,build my own!,1,19,FALSE,250,7,8,445,445,225.544,,,,,,,,,
708,build my own!,1,19,FALSE,250,7,8,438,438,222.604,,,,,,,,,
709,build my own!,1,19,FALSE,250,7,8,430,430,213.304,,,,,,,,,
710,build my own!,1,19,FALSE,250,7,8,435,435,215.812,,,,,,,,,
711,build my own!,1,19,FALSE,250,7,8,452,452,228.632,,,,,,,,,
712,build my own!,1,19,FALSE,250,7,8,436,436,219.308,,,,,,,,,
713,build my own!,1,19,FALSE,250,7,8,440,440,219.324,,,,,,,,,
714,build my own!,1,19,FALSE,250,7,8,429,429,213.044,,,,,,,,,
715,build my own!,1,19,FALSE,250,7,8,426,426,215.508,,,,,,,,,
716,build my own!,1,19,FALSE,250,7,8,444,444,225.64,,,,,,,,,
717,build my own!,1,19,FALSE,250,7,8,441,441,219.248,,,,,,,,,
718,build my own!,1,19,FALSE,250,7,8,447,447,225.124,,,,,,,,,
719,build my own!,1,19,FALSE,250,7,8,437,437,217.196,,,,,,,,,
720,build my own!,1,19,FALSE,250,7,8,442,442,220.732,,,,,,,,,
721,build my own!,1,19,FALSE,250,7,8,434,434,219.38,,,,,,,,,
722,build my own!,1,19,FALSE,250,7,8,420,420,216.164,,,,,,,,,
723,build my own!,1,19,FALSE,250,7,8,436,436,224.728,,,,,,,,,
724,build my own!,1,19,FALSE,250,7,8,439,439,217.7,,,,,,,,,
725,build my own!,1,19,FALSE,250,7,8,451,451,228.428,,,,,,,,,
726,build my own!,1,19,FALSE,250,7,10,446,446,224.4,,,,,,,,,
727,build my own!,1,19,FALSE,250,7,10,431,431,217.944,,,,,,,,,
728,build my own!,1,19,FALSE,250,7,10,433,433,216.92,,,,,,,,,
729,build my own!,1,19,FALSE,250,7,10,434,434,218.736,,,,,,,,,
730,build my own!,1,19,FALSE,250,7,10,450,450,227.4,,,,,,,,,
731,build my own!,1,19,FALSE,250,7,10,444,444,225.1,,,,,,,,,
732,build my own!,1,19,FALSE,250,7,10,421,421,210.592,,,,,,,,,
733,build my own!,1,19,FALSE,250,7,10,429,429,216.048,,,,,,,,,
734,build my own!,1,19,FALSE,250,7,10,431,431,217.62,,,,,,,,,
735,build my own!,1,19,FALSE,250,7,10,421,421,208.668,,,,,,,,,
736,build my own!,1,19,FALSE,250,7,10,433,433,216.776,,,,,,,,,
737,build my own!,1,19,FALSE,250,7,10,453,453,228.472,,,,,,,,,
738,build my own!,1,19,FALSE,250,7,10,420,420,215.204,,,,,,,,,
739,build my own!,1,19,FALSE,250,7,10,441,441,224.992,,,,,,,,,
740,build my own!,1,19,FALSE,250,7,10,451,451,221.1,,,,,,,,,
741,build my own!,1,19,FALSE,250,7,10,441,441,220.48,,,,,,,,,
743,build my own!,1,19,FALSE,250,7,10,430,430,215.116,,,,,,,,,
742,build my own!,1,19,FALSE,250,7,10,445,445,225.768,,,,,,,,,
744,build my own!,1,19,FALSE,250,7,10,433,433,213.704,,,,,,,,,
745,build my own!,1,19,FALSE,250,7,10,443,443,220.724,,,,,,,,,
746,build my own!,1,19,FALSE,250,7,10,432,432,213.912,,,,,,,,,
747,build my own!,1,19,FALSE,250,7,10,457,457,226.068,,,,,,,,,
748,build my own!,1,19,FALSE,250,7,10,431,431,217.68,,,,,,,,,
749,build my own!,1,19,FALSE,250,7,10,439,439,223.484,,,,,,,,,
750,build my own!,1,19,FALSE,250,7,10,449,449,225.052,,,,,,,,,
